SaleID,SaleDate,CustomerID,CustomerName,City,ProductID,ProductName,Category,Quantity,UnitPrice,SalesAmount,EmployeeID,PaymentMethod
1,2024-01-05,1,Ananya Sharma,Delhi,1,Wireless Mouse,Electronics,2,950.0,1900.0,1,Cash
2,2024-01-08,2,Rohan Mehta,Mumbai,2,4K Smart TV,Electronics,1,28999.0,28999.0,2,UPI
3,2024-01-12,3,Priya Nair,Bengaluru,9,Coffee Maker,Home Appliances,3,5499.0,16497.0,3,Card
4,2024-01-17,4,Aman Verma,Jaipur,3,Office Chair,Furniture,2,6999.0,13998.0,5,Cash
5,2024-01-20,5,Sneha Iyer,Chennai,5,Bluetooth Speaker,Electronics,4,3499.0,13996.0,1,UPI
6,2024-01-28,6,Karan Singh,Lucknow,10,Gaming Keyboard,Electronics,2,3999.0,7998.0,2,Card
7,2024-02-02,7,Neha Kapoor,Delhi,6,Premium Backpack,Fashion,3,2499.0,7497.0,7,UPI
8,2024-02-04,8,Vikram Rao,Hyderabad,8,Woolen Blanket,Home,1,1899.0,1899.0,4,Cash
9,2024-02-10,9,Meera Joshi,Pune,7,Air Fryer,Home Appliances,2,7999.0,15998.0,3,Card
10,2024-02-16,10,Rahul Gupta,Kolkata,2,4K Smart TV,Electronics,1,28999.0,28999.0,5,UPI
11,2024-02-18,11,Sonia Malhotra,Ahmedabad,11,Desk Lamp,Home,2,1250.0,2500.0,2,Card
12,2024-02-26,12,Arjun Patel,Surat,12,Water Purifier,Home Appliances,1,18999.0,18999.0,6,Cash
13,2024-03-01,13,Nisha Reddy,Bengaluru,1,Wireless Mouse,Electronics,5,950.0,4750.0,1,UPI
14,2024-03-05,14,Deepak Sharma,Noida,4,Laptop Stand,Accessories,2,1499.0,2998.0,2,Card
15,2024-03-12,15,Ishita Sen,Kolkata,5,Bluetooth Speaker,Electronics,3,3499.0,10497.0,7,UPI
16,2024-03-17,16,Manav Khanna,Delhi,3,Office Chair,Furniture,1,6999.0,6999.0,3,Card
17,2024-03-24,17,Tanvi Sood,Chandigarh,12,Water Purifier,Home Appliances,1,18999.0,18999.0,2,Cash
18,2024-04-03,18,Harshit Jain,Indore,9,Coffee Maker,Home Appliances,4,5499.0,21996.0,4,UPI
19,2024-04-06,1,Ananya Sharma,Delhi,6,Premium Backpack,Fashion,2,2499.0,4998.0,5,Card
20,2024-04-10,2,Rohan Mehta,Mumbai,7,Air Fryer,Home Appliances,1,7999.0,7999.0,1,Cash
21,2024-04-14,3,Priya Nair,Bengaluru,10,Gaming Keyboard,Electronics,3,3999.0,11997.0,3,UPI
22,2024-04-18,4,Aman Verma,Jaipur,8,Woolen Blanket,Home,2,1899.0,3798.0,7,Card
23,2024-04-21,5,Sneha Iyer,Chennai,12,Water Purifier,Home Appliances,1,18999.0,18999.0,2,Cash
24,2024-04-27,6,Karan Singh,Lucknow,2,4K Smart TV,Electronics,2,28999.0,57998.0,5,UPI
25,2024-05-02,7,Neha Kapoor,Delhi,4,Laptop Stand,Accessories,4,1499.0,5996.0,1,Card
26,2024-05-06,8,Vikram Rao,Hyderabad,5,Bluetooth Speaker,Electronics,3,3499.0,10497.0,6,Cash
27,2024-05-11,9,Meera Joshi,Pune,11,Desk Lamp,Home,2,1250.0,2500.0,4,UPI
28,2024-05-19,10,Rahul Gupta,Kolkata,1,Wireless Mouse,Electronics,6,950.0,5700.0,7,Card
29,2024-05-25,11,Sonia Malhotra,Ahmedabad,9,Coffee Maker,Home Appliances,1,5499.0,5499.0,2,Cash
30,2024-06-04,12,Arjun Patel,Surat,6,Premium Backpack,Fashion,2,2499.0,4998.0,3,UPI
31,2024-06-08,13,Nisha Reddy,Bengaluru,8,Woolen Blanket,Home,2,1899.0,3798.0,5,Card
32,2024-06-12,14,Deepak Sharma,Noida,3,Office Chair,Furniture,3,6999.0,20997.0,1,Cash
33,2024-06-17,15,Ishita Sen,Kolkata,10,Gaming Keyboard,Electronics,4,3999.0,15996.0,6,UPI
34,2024-06-22,16,Manav Khanna,Delhi,4,Laptop Stand,Accessories,1,1499.0,1499.0,7,Card
35,2024-07-01,17,Tanvi Sood,Chandigarh,5,Bluetooth Speaker,Electronics,2,3499.0,6998.0,2,Cash
36,2024-07-09,18,Harshit Jain,Indore,12,Water Purifier,Home Appliances,1,18999.0,18999.0,4,UPI
37,2024-07-14,1,Ananya Sharma,Delhi,7,Air Fryer,Home Appliances,2,7999.0,15998.0,5,Card
38,2024-07-18,2,Rohan Mehta,Mumbai,2,4K Smart TV,Electronics,1,28999.0,28999.0,3,Cash
39,2024-07-26,3,Priya Nair,Bengaluru,11,Desk Lamp,Home,3,1250.0,3750.0,1,UPI
40,2024-08-02,4,Aman Verma,Jaipur,9,Coffee Maker,Home Appliances,2,5499.0,10998.0,6,Card
41,2024-08-10,5,Sneha Iyer,Chennai,6,Premium Backpack,Fashion,3,2499.0,7497.0,4,Cash
42,2024-08-18,6,Karan Singh,Lucknow,8,Woolen Blanket,Home,4,1899.0,7596.0,7,UPI
